{"cameraMode":{"drawMode":0,"name":"Shaded","section":"Shading Mode"},"sceneLighting":true,"audioPlay":false,"sceneViewState":{"m_AlwaysRefresh":false,"showFog":true,"showSkybox":true,"showFlares":true,"showImageEffects":true,"showParticleSystems":true,"showVisualEffectGraphs":true,"m_FxEnabled":true},"in2DMode":false,"pivot":{"x":125.75062561035156,"y":6.273525714874268,"z":13.541303634643555},"rotation":{"x":0.1422572284936905,"y":0.18575945496559144,"z":-0.030574874952435495,"w":0.9716976881027222},"size":13.7538423538208,"orthographic":false}