{"cameraMode":{"drawMode":0,"name":"Shaded","section":"Shading Mode"},"sceneLighting":true,"audioPlay":false,"sceneViewState":{"m_AlwaysRefresh":false,"showFog":true,"showSkybox":true,"showFlares":true,"showImageEffects":true,"showParticleSystems":true,"showVisualEffectGraphs":true,"m_FxEnabled":true},"in2DMode":false,"pivot":{"x":123.42765045166016,"y":16.066322326660158,"z":-2.5934083461761476},"rotation":{"x":-0.20161081850528718,"y":0.006782008800655603,"z":0.0020831087604165079,"w":-0.9793851375579834},"size":1.6557432413101197,"orthographic":false}