{"cameraMode":{"drawMode":0,"name":"Shaded","section":"Shading Mode"},"sceneLighting":true,"audioPlay":false,"sceneViewState":{"m_AlwaysRefresh":false,"showFog":true,"showSkybox":true,"showFlares":true,"showImageEffects":true,"showParticleSystems":true,"showVisualEffectGraphs":true,"m_FxEnabled":true},"in2DMode":false,"pivot":{"x":-36.248931884765628,"y":46.37038040161133,"z":-48.868247985839847},"rotation":{"x":0.44422492384910586,"y":-0.02103397063910961,"z":0.007640629541128874,"w":0.8964616060256958},"size":3.588827610015869,"orthographic":false}