{"cameraMode":{"drawMode":0,"name":"Shaded","section":"Shading Mode"},"sceneLighting":true,"audioPlay":false,"sceneViewState":{"m_AlwaysRefresh":false,"showFog":true,"showSkybox":true,"showFlares":true,"showImageEffects":true,"showParticleSystems":true,"showVisualEffectGraphs":true,"m_FxEnabled":true},"in2DMode":false,"pivot":{"x":126.02903747558594,"y":8.922858238220215,"z":11.507728576660157},"rotation":{"x":0.26419779658317568,"y":0.0918639749288559,"z":-0.028813932090997697,"w":0.9595755338668823},"size":3.020643949508667,"orthographic":false}