{"cameraMode":{"drawMode":0,"name":"Shaded","section":"Shading Mode"},"sceneLighting":true,"audioPlay":false,"sceneViewState":{"m_AlwaysRefresh":false,"showFog":true,"showSkybox":true,"showFlares":true,"showImageEffects":true,"showParticleSystems":true,"showVisualEffectGraphs":true,"m_FxEnabled":true},"in2DMode":false,"pivot":{"x":45.33722686767578,"y":2.8598077297210695,"z":24.70954704284668},"rotation":{"x":0.003018365241587162,"y":-0.9968758821487427,"z":0.04838886857032776,"w":0.06286998093128205},"size":2.213653802871704,"orthographic":false}