{"cameraMode":{"drawMode":0,"name":"Shaded","section":"Shading Mode"},"sceneLighting":true,"audioPlay":false,"sceneViewState":{"m_AlwaysRefresh":false,"showFog":true,"showSkybox":true,"showFlares":true,"showImageEffects":true,"showParticleSystems":true,"showVisualEffectGraphs":true,"m_FxEnabled":true},"in2DMode":false,"pivot":{"x":120.31295776367188,"y":8.49642276763916,"z":27.716224670410158},"rotation":{"x":0.04478831961750984,"y":-0.354046493768692,"z":0.012980359606444836,"w":0.9340255260467529},"size":1.3858305215835572,"orthographic":false}