{"cameraMode":{"drawMode":0,"name":"Shaded","section":"Shading Mode"},"sceneLighting":true,"audioPlay":false,"sceneViewState":{"m_AlwaysRefresh":false,"showFog":true,"showSkybox":true,"showFlares":true,"showImageEffects":true,"showParticleSystems":true,"showVisualEffectGraphs":true,"m_FxEnabled":true},"in2DMode":false,"pivot":{"x":121.55767059326172,"y":22.050870895385743,"z":6.003849506378174},"rotation":{"x":-0.051698245108127597,"y":0.6679503321647644,"z":-0.04335867613554001,"w":-0.740817666053772},"size":2.4351348876953127,"orthographic":false}