{"cameraMode":{"drawMode":0,"name":"Shaded","section":"Shading Mode"},"sceneLighting":true,"audioPlay":false,"sceneViewState":{"m_AlwaysRefresh":false,"showFog":true,"showSkybox":true,"showFlares":true,"showImageEffects":true,"showParticleSystems":true,"showVisualEffectGraphs":true,"m_FxEnabled":true},"in2DMode":false,"pivot":{"x":108.11676025390625,"y":14.691119194030762,"z":45.990596771240237},"rotation":{"x":-0.21874819695949555,"y":0.15252506732940675,"z":-0.03361164405941963,"w":-0.9638964533805847},"size":3.377115249633789,"orthographic":false}