{"cameraMode":{"drawMode":0,"name":"Shaded","section":"Shading Mode"},"sceneLighting":true,"audioPlay":false,"sceneViewState":{"m_AlwaysRefresh":false,"showFog":true,"showSkybox":true,"showFlares":true,"showImageEffects":true,"showParticleSystems":true,"showVisualEffectGraphs":true,"m_FxEnabled":true},"in2DMode":false,"pivot":{"x":139.48651123046876,"y":-13.893021583557129,"z":274.949462890625},"rotation":{"x":0.05649970844388008,"y":0.0033050309866666795,"z":-0.0020092299673706295,"w":0.9989388585090637},"size":152.5360107421875,"orthographic":false}